Date,Ethics Premium PR,Ethics Premium GTR,SGMACUP Index,SGMACUT Index
1/1/21,1000,1000,1000,1000
1/4/21,991.65,991.7,994.79,994.86
1/5/21,997.19,997.23,1001.46,1001.6
1/6/21,1007.54,1007.69,1007.87,1008.02
1/7/21,1014.59,1015.17,1020.12,1020.36
1/8/21,1019.17,1019.72,1028.55,1028.86
1/11/21,1016.35,1016.93,1020.86,1021.17
1/12/21,1014.87,1015.63,1024.09,1024.42
1/13/21,1018,1018.84,1026.3,1026.65
1/14/21,1015.26,1016.16,1027.93,1028.35
1/15/21,1008.66,1009.59,1018.52,1018.94
1/18/21,1008.11,1009.04,1018.3,1018.75
1/19/21,1017.97,1018.86,1026.79,1027.27
1/20/21,1025.05,1025.85,1037.72,1038.21
1/21/21,1024.82,1025.65,1039.07,1039.61
1/22/21,1015.25,1016.12,1035.29,1035.84
1/25/21,1015.53,1016.44,1036.59,1037.15
1/26/21,1010.78,1011.68,1033.53,1034.1
1/27/21,984.01,984.91,1012.86,1013.42
1/28/21,994.98,996.24,1015.73,1016.35
1/29/21,978.27,979.64,998.3,999
2/1/21,989.57,990.88,1013.36,1014.08
2/2/21,1002.44,1003.66,1026.51,1027.24
2/3/21,1000.8,1002.02,1030.02,1030.76
2/4/21,1014.26,1015.67,1036.33,1037.19
2/5/21,1020.19,1021.6,1043.05,1043.98
2/8/21,1026.51,1027.96,1052.3,1053.25
2/9/21,1022.79,1024.5,1054.45,1055.49
2/10/21,1021.94,1023.64,1056.2,1057.26
2/11/21,1027.53,1029.55,1058.75,1059.95
2/12/21,1032.2,1034.36,1062.49,1063.73
2/15/21,1033.11,1035.26,1066.87,1068.13
2/16/21,1032.22,1034.4,1066.77,1068.15
2/17/21,1030.06,1032.4,1062.35,1063.81
2/18/21,1026.01,1028.39,1055.05,1056.6
2/19/21,1029.16,1031.55,1058.7,1060.31
2/22/21,1026.76,1029.17,1049.95,1051.59
2/23/21,1031.76,1034.18,1049.47,1051.14
2/24/21,1043.85,1046.27,1052.57,1054.29
2/25/21,1026.74,1029.32,1038.73,1040.62
2/26/21,1015.66,1018.25,1024.01,1025.96
3/1/21,1035.06,1037.65,1045.33,1047.37
3/2/21,1031.54,1034.14,1039.23,1041.28
3/3/21,1024.1,1026.84,1032.57,1034.67
3/4/21,1007.58,1010.76,1016.97,1019.42
3/5/21,1026.58,1029.86,1023.11,1025.64
3/8/21,1029.06,1032.42,1018.68,1021.23
3/9/21,1037.34,1040.78,1032.61,1035.28
3/10/21,1045.74,1049.27,1038.17,1040.91
3/11/21,1054.37,1057.83,1052.69,1055.57
3/12/21,1055.99,1059.7,1052.84,1055.87
3/15/21,1058.15,1061.95,1057.18,1060.26
3/16/21,1059.23,1063.08,1057.76,1060.87
3/17/21,1059.94,1063.84,1058.54,1061.72
3/18/21,1052.41,1056.41,1050.11,1053.44
3/19/21,1045.38,1049.43,1047.95,1051.34
3/22/21,1050.61,1054.69,1051.07,1054.48
3/23/21,1038.96,1043.01,1040.47,1043.87
3/24/21,1036.22,1040.3,1030.03,1033.46
3/25/21,1042.02,1046.3,1032.76,1036.35
3/26/21,1063.65,1068,1047.63,1051.34
3/29/21,1061.92,1066.3,1044.85,1048.58
3/30/21,1059.79,1064.47,1045.09,1049.6
3/31/21,1058.49,1063.15,1047.41,1052.02
4/1/21,1068.77,1073.39,1058.94,1063.67
4/2/21,1069.92,1074.53,1059.74,1064.47
4/5/21,1082.26,1086.9,1069.14,1074
4/6/21,1082.24,1086.86,1071.28,1076.23
4/7/21,1081.49,1086.11,1071.29,1076.26
4/8/21,1086.27,1091.41,1076.43,1081.62
4/9/21,1095.29,1100.49,1079.42,1084.69
4/12/21,1092.45,1097.64,1077.38,1082.66
4/13/21,1090.89,1096.07,1080.88,1086.21
4/14/21,1089.75,1095.02,1081.41,1086.84
4/15/21,1100.32,1105.63,1090.46,1096.01
4/16/21,1105.18,1110.52,1095.01,1100.64
4/19/21,1101.29,1106.62,1091.76,1097.54
4/20/21,1094.18,1099.53,1081.55,1087.36
4/21/21,1105.78,1111.18,1086.84,1092.71
4/22/21,1099.4,1104.93,1084.97,1090.95
4/23/21,1103.93,1109.47,1093.84,1099.91
4/26/21,1102.55,1108.08,1099,1105.13
4/27/21,1101.08,1107.04,1097.88,1104.06
4/28/21,1101.36,1107.32,1098.13,1104.39
4/29/21,1104.85,1110.96,1100.97,1107.38
4/30/21,1094.45,1100.61,1091.17,1097.69
5/3/21,1100.89,1107.09,1093.59,1100.16
5/4/21,1096.01,1102.18,1084.05,1090.61
5/5/21,1098.2,1105.2,1086.84,1093.52
5/6/21,1106.18,1113.82,1092.74,1099.71
5/7/21,1111.9,1119.85,1103.1,1110.36
5/10/21,1105.55,1113.8,1096.28,1103.64
5/11/21,1093.4,1101.6,1084.06,1091.4
5/12/21,1072.28,1080.36,1064.78,1072.07
5/13/21,1084.48,1093.06,1067.05,1074.63
5/14/21,1098.5,1107.37,1084.36,1092.16
5/17/21,1097.48,1106.36,1083.59,1091.46
5/18/21,1090.09,1099,1084.84,1092.84
5/19/21,1087.01,1095.91,1078.17,1086.2
5/20/21,1097.85,1106.92,1088.03,1096.32
5/21/21,1099.9,1109,1088.8,1097.16
5/24/21,1106.21,1115.42,1095.82,1104.44
5/25/21,1103.51,1112.7,1096.82,1105.53
5/26/21,1103.69,1112.9,1100.15,1108.9
5/27/21,1104.8,1114.02,1101.69,1110.59
5/28/21,1108.17,1117.58,1104.97,1114.03
5/31/21,1107.25,1116.64,1105.39,1114.51
6/1/21,1107.31,1116.69,1109.83,1119.05
6/2/21,1107.94,1117.51,1110.96,1120.28
6/3/21,1104.7,1114.65,1105.89,1115.31
6/4/21,1113.22,1123.25,1113.32,1122.84
6/7/21,1114.61,1124.66,1115.43,1125.01
6/8/21,1114.24,1124.32,1116.38,1126
6/9/21,1112.47,1122.63,1113.78,1123.45
6/10/21,1117.36,1127.58,1117.16,1126.91
6/11/21,1118.78,1129,1119.71,1129.52
6/14/21,1117.5,1127.94,1121.55,1131.54
6/15/21,1118.68,1129.21,1119.6,1129.63
6/16/21,1111.29,1121.8,1116.13,1126.16
6/17/21,1104.69,1115.12,1110.37,1120.42
6/18/21,1088.19,1098.49,1096.37,1106.35
6/21/21,1103.16,1113.59,1104.58,1114.7
6/22/21,1106.82,1117.26,1110.38,1120.56
6/23/21,1100.58,1110.96,1111.13,1121.35
6/24/21,1111.96,1122.59,1116.94,1127.39
6/25/21,1115.91,1126.61,1122.24,1132.77
6/28/21,1113.3,1123.99,1121.51,1132.1
6/29/21,1113.79,1124.7,1120.48,1131.33
6/30/21,1111.08,1121.99,1118.09,1128.97
7/1/21,1116.26,1127.22,1120.83,1131.82
7/2/21,1121.04,1132.02,1124.51,1135.64
7/5/21,1121.25,1132.23,1126.19,1137.4
7/6/21,1115.55,1126.46,1121.7,1132.93
7/7/21,1117.89,1128.84,1122.19,1133.53
7/8/21,1106.92,1118.52,1110.8,1122.25
7/9/21,1119.2,1130.94,1121.88,1133.47
7/12/21,1123.46,1135.26,1127.34,1139
7/13/21,1122.79,1134.57,1124.52,1136.16
7/14/21,1125.32,1137.22,1122.9,1134.64
7/15/21,1122.25,1134.12,1118.69,1130.42
7/16/21,1116.12,1127.95,1111.41,1123.07
7/19/21,1097.7,1109.35,1093.22,1104.75
7/20/21,1114.04,1125.88,1103.1,1114.74
7/21/21,1124.34,1136.27,1114.06,1125.84
7/22/21,1125.02,1136.97,1117.78,1129.7
7/23/21,1133.79,1145.83,1123.8,1135.86
7/26/21,1135.58,1147.63,1123.62,1135.73
7/27/21,1133.39,1145.46,1117.06,1129.11
7/28/21,1133.29,1145.37,1119.91,1132
7/29/21,1142.39,1154.92,1128.98,1141.29
7/30/21,1139.41,1152.06,1121.03,1133.34
8/2/21,1137.01,1149.67,1125.26,1137.65
8/3/21,1145.83,1158.61,1129.56,1142
8/4/21,1137.59,1150.27,1127.91,1140.36
8/5/21,1143.52,1156.48,1133.51,1146.13
8/6/21,1145.54,1158.52,1131.35,1144.03
8/9/21,1142.6,1155.83,1131.03,1143.76
8/10/21,1142.49,1155.77,1132.4,1145.17
8/11/21,1142.94,1156.23,1135.62,1148.48
8/12/21,1142.86,1156.58,1136.67,1149.9
8/13/21,1147.64,1161.5,1137.83,1151.16
8/16/21,1150.94,1165.02,1134.47,1147.85
8/17/21,1147.08,1161.23,1124.93,1138.34
8/18/21,1138.03,1152.06,1119.34,1132.81
8/19/21,1134.62,1148.72,1110.23,1123.74
8/20/21,1138.22,1152.36,1114.71,1128.32
8/23/21,1147.93,1162.25,1128.12,1141.98
8/24/21,1149.63,1163.92,1135.62,1149.59
8/25/21,1151.31,1165.59,1137.83,1151.88
8/26/21,1144.11,1158.31,1131.77,1145.82
8/27/21,1150.34,1164.61,1141.22,1155.43
8/30/21,1150.47,1164.8,1146.41,1160.78
8/31/21,1148.08,1162.44,1147.37,1161.86
9/1/21,1149.28,1163.65,1151.76,1166.36
9/2/21,1150.95,1165.81,1155.32,1170.26
9/3/21,1151.41,1166.26,1156.59,1171.59
9/6/21,1151.8,1166.65,1159.09,1174.18
9/7/21,1141.88,1156.63,1155.54,1170.63
9/8/21,1140.98,1155.7,1149.32,1164.38
9/9/21,1134.73,1149.48,1145.43,1160.56
9/10/21,1129.89,1144.6,1141.76,1156.88
9/13/21,1131.9,1146.68,1142.75,1157.9
9/14/21,1127.2,1142.12,1138.59,1153.87
9/15/21,1132.26,1147.26,1141.73,1157.09
9/16/21,1128.45,1143.38,1139.12,1154.54
9/17/21,1119.03,1133.84,1132,1147.34
9/20/21,1106.29,1120.94,1112.97,1128.08
9/21/21,1105.82,1120.47,1114.44,1129.6
9/22/21,1113.42,1128.16,1122.86,1138.14
9/23/21,1129.96,1145.01,1134.63,1150.2
9/24/21,1131.19,1146.24,1132.41,1147.98
9/27/21,1127.04,1142.08,1131.32,1146.89
9/28/21,1107.65,1122.47,1109.95,1125.34
9/29/21,1108.49,1123.71,1106.9,1122.97
9/30/21,1096.56,1111.65,1100.6,1116.66
10/1/21,1108.54,1123.77,1105.23,1121.38
10/4/21,1096.57,1111.69,1094.84,1110.95
10/5/21,1103.43,1118.64,1101.66,1117.94
10/6/21,1103,1118.19,1099.58,1115.84
10/7/21,1114.56,1130.42,1112.5,1129.11
10/8/21,1110.54,1126.35,1111.54,1128.17
10/11/21,1103.25,1118.97,1108.14,1124.75
10/12/21,1099.14,1114.75,1105.64,1122.2
10/13/21,1104.17,1119.95,1111.18,1127.85
10/14/21,1120.98,1136.99,1126.34,1143.32
10/15/21,1130.06,1146.15,1135.32,1152.43
10/18/21,1125.4,1141.39,1136.49,1153.65
10/19/21,1135.62,1151.76,1144.61,1161.91
10/20/21,1140.36,1156.69,1148.54,1165.91
10/21/21,1138.43,1154.75,1149.19,1166.62
10/22/21,1139.39,1155.72,1148.56,1166.01
10/25/21,1140.68,1156.99,1151.96,1169.48
10/26/21,1141.25,1157.71,1153.49,1171.06
10/27/21,1125.1,1141.38,1146.34,1163.82
10/28/21,1133.92,1150.35,1154.94,1172.62
10/29/21,1133.73,1150.27,1151.98,1169.76
11/1/21,1141.05,1157.71,1159.38,1177.28
11/2/21,1147.33,1164.1,1159.96,1177.88
11/3/21,1152.08,1168.94,1165.86,1183.89
11/4/21,1154.79,1172.21,1169.61,1187.81
11/5/21,1167.56,1185.23,1172.1,1190.45
11/8/21,1170.11,1187.8,1175.08,1193.54
11/9/21,1166.65,1184.53,1172.45,1190.93
11/10/21,1165.77,1183.98,1163.09,1181.55
11/11/21,1165.55,1183.77,1164.76,1183.31
11/12/21,1172.09,1190.55,1171.8,1190.56
11/15/21,1171.02,1189.65,1172.73,1191.58
11/16/21,1174.25,1192.96,1174.43,1193.36
11/17/21,1168.84,1187.53,1169.51,1188.48
11/18/21,1162.6,1181.3,1168.44,1187.48
11/19/21,1158.12,1176.75,1165.89,1184.92
11/22/21,1151.79,1170.47,1158.56,1177.6
11/23/21,1151.28,1169.95,1155.65,1174.65
11/24/21,1150.87,1169.52,1155.95,1174.99
11/25/21,1152.15,1170.81,1157.57,1176.68
11/26/21,1131.93,1150.39,1131.22,1149.92
11/29/21,1137.24,1155.78,1136.86,1155.72
11/30/21,1114.19,1132.46,1118.84,1137.51
12/1/21,1107.5,1125.79,1114.92,1133.61
12/2/21,1122.87,1141.73,1123.68,1142.72
12/3/21,1123.34,1142.26,1113.82,1132.73
12/6/21,1133.64,1152.65,1123.33,1142.43
12/7/21,1154.25,1173.57,1146.87,1166.39
12/8/21,1155.69,1175.01,1151.99,1171.62
12/9/21,1150.72,1170.13,1143.88,1163.48
12/10/21,1158.01,1177.59,1146.88,1166.54
12/13/21,1153.59,1173.24,1137.21,1156.73
12/14/21,1145.46,1165.25,1128.59,1148.08
12/15/21,1163.75,1183.84,1138.74,1158.43
12/16/21,1172.78,1193.15,1136.79,1156.52
12/17/21,1158.64,1178.85,1128.83,1148.46
12/20/21,1143.89,1163.93,1112.81,1132.23
12/21/21,1161.06,1181.47,1132.11,1151.9
12/22/21,1172.17,1192.74,1142.6,1162.65
12/23/21,1179.47,1200.14,1151.08,1171.33
12/24/21,1180.12,1200.81,1150.98,1171.22
12/27/21,1191.7,1212.78,1160.86,1181.3
12/28/21,1192.24,1213.34,1161.59,1182.03
12/29/21,1194.48,1215.8,1162.4,1183.12
12/30/21,1193.44,1214.97,1161.7,1182.58
12/31/21,1193.18,1214.77,1160.73,1181.63
1/3/22,1194.12,1215.7,1164.18,1185.18
1/4/22,1200.81,1222.5,1166.2,1187.28
1/5/22,1189.92,1211.54,1149.95,1170.79
1/6/22,1181.19,1202.75,1143.65,1164.44
1/7/22,1179.03,1201.09,1141.68,1162.56
1/10/22,1173.21,1195.36,1138.24,1159.06
1/11/22,1182.63,1204.93,1148.26,1169.28
1/12/22,1186.64,1209.12,1156.72,1177.9
1/13/22,1176.76,1199.12,1146.49,1167.6
1/14/22,1174.28,1196.58,1142.84,1163.89
1/17/22,1174.55,1196.86,1143.53,1164.59
1/18/22,1158.34,1180.39,1124.89,1145.62
1/19/22,1144.06,1165.89,1116.24,1136.84
1/20/22,1136.92,1158.76,1112.29,1132.86
1/21/22,1119.2,1140.82,1092.46,1112.67
1/24/22,1112.78,1134.23,1084.64,1104.74
1/25/22,1101.85,1123.24,1073.79,1093.71
1/26/22,1100.6,1121.92,1074.43,1094.36
1/27/22,1093.24,1114.85,1063.48,1083.26
1/28/22,1118.45,1140.47,1079.08,1099.23
1/31/22,1131.79,1154.06,1098.96,1119.51
2/1/22,1139.1,1161.5,1108.85,1129.59
2/2/22,1149.07,1171.69,1116.01,1136.9
2/3/22,1127.49,1149.81,1096.69,1117.25
2/4/22,1120.54,1142.96,1100.42,1121.17
2/7/22,1118.1,1140.54,1100.17,1120.93
2/8/22,1125.06,1147.59,1106.62,1127.52
2/9/22,1140.96,1163.73,1124.57,1145.88
2/10/22,1125.39,1148.23,1114.23,1135.43
2/11/22,1107.75,1130.39,1097.88,1118.85
2/14/22,1097.44,1120.25,1086.41,1107.28
2/15/22,1114.42,1137.55,1102.13,1123.36
2/16/22,1116.49,1139.63,1105.66,1127.08
2/17/22,1098.57,1121.55,1088.88,1110.09
2/18/22,1090.82,1113.67,1079.42,1100.54
2/21/22,1087.26,1110.03,1075.68,1096.74
2/22/22,1080.79,1103.46,1065.4,1086.28
2/23/22,1065.32,1087.74,1052.86,1073.52
2/24/22,1066.3,1088.71,1046.65,1067.49
2/25/22,1093.21,1116.32,1072.25,1093.7
2/28/22,1084.88,1107.84,1072.29,1093.83
3/1/22,1061.26,1083.75,1057.82,1079.11
3/2/22,1081.64,1104.59,1067.58,1089.11
3/3/22,1078.73,1102.04,1060.25,1081.77
3/4/22,1064.36,1087.55,1041.91,1063.11
3/7/22,1036.82,1059.59,1013.33,1034
3/8/22,1029.92,1052.57,1006.24,1026.9
3/9/22,1059.78,1083.03,1034.27,1055.68
3/10/22,1051.61,1074.88,1030.94,1052.53
3/11/22,1046.33,1069.55,1019.33,1040.72
3/14/22,1049,1072.58,1011.15,1032.53
3/15/22,1063.3,1087.16,1020.26,1041.86
3/16/22,1088.44,1112.79,1049.34,1071.69
3/17/22,1102.45,1127.08,1067.39,1090.34
3/18/22,1110.22,1134.97,1077.42,1100.62
3/21/22,1105.73,1130.43,1075.77,1098.97
3/22/22,1113.11,1137.92,1086.74,1110.24
3/23/22,1098.05,1122.6,1078.74,1102.14
3/24/22,1110.44,1135.38,1086.84,1110.55
3/25/22,1114.35,1139.44,1087.99,1111.83
3/28/22,1119.26,1144.43,1090.92,1114.89
3/29/22,1137.58,1163.01,1108.95,1133.33
3/30/22,1129.37,1155.09,1105.03,1130.22
3/31/22,1114.27,1139.69,1090.74,1115.71
4/1/22,1117.1,1142.6,1093.11,1118.17
4/4/22,1121.48,1147.02,1102.3,1127.61
4/5/22,1113.11,1138.58,1090.98,1116.14
4/6/22,1106.69,1132.22,1077.25,1102.15
4/7/22,1108.45,1134.61,1075.19,1100.24
4/8/22,1109.16,1135.37,1074.73,1099.9
4/11/22,1098.85,1124.82,1061.42,1086.42
4/12/22,1091.45,1117.24,1057.59,1082.55
4/13/22,1096.79,1122.81,1067.2,1092.52
4/14/22,1089.78,1115.63,1059.82,1085.09
4/15/22,1089.03,1114.87,1059,1084.26
4/18/22,1084.86,1110.6,1055.9,1081.09
4/19/22,1095.31,1121.31,1064.93,1090.49
4/20/22,1105.37,1131.68,1068.28,1093.94
4/21/22,1097.26,1123.38,1056.07,1081.56
4/22/22,1062.56,1087.86,1030.62,1055.56
4/25/22,1064.3,1089.65,1025.89,1050.78
4/26/22,1042.39,1067.35,1004.81,1029.28
4/27/22,1051.51,1077.15,1002.86,1027.38
4/28/22,1073.18,1099.49,1020.24,1045.33
4/29/22,1045.46,1071.22,1002.47,1027.27
5/2/22,1043.91,1069.63,1002.35,1027.36
5/3/22,1047.28,1073.1,1006.51,1031.7
5/4/22,1070.25,1096.61,1022.76,1048.39
5/5/22,1040.81,1066.72,996.61,1021.75
5/6/22,1033.68,1060.13,985.89,1011
5/9/22,1007.8,1033.88,953.82,978.25
5/10/22,1008.71,1034.82,954.47,978.96
5/11/22,1003.73,1029.79,946.54,970.9
5/12/22,1004.12,1030.84,940.84,965.36
5/13/22,1023.28,1050.67,963.2,988.47
5/16/22,1021.2,1048.72,961.18,986.5
5/17/22,1041.18,1069.67,980.98,1006.92
5/18/22,1011.11,1038.83,956.07,981.49
5/19/22,1004.09,1031.71,951.2,976.71
5/20/22,1007.76,1035.49,954.35,980.03
5/23/22,1024.43,1052.71,968.45,994.78
5/24/22,1019.68,1047.84,958.76,985.02
5/25/22,1026.51,1054.84,965.84,992.34
5/26/22,1041.39,1070.15,980.63,1007.63
5/27/22,1063.22,1092.58,1000.88,1028.54
5/30/22,1065.93,1095.38,1007.12,1035.03
5/31/22,1056.68,1086.02,1000.39,1028.24
6/1/22,1050.98,1080.25,992.94,1020.76
6/2/22,1066.75,1096.93,1006.62,1034.96
6/3/22,1055.88,1085.78,995.92,1024
6/6/22,1058.96,1088.95,1000.33,1028.58
6/7/22,1066.04,1096.25,1004.38,1032.81
6/8/22,1055.19,1085.08,998.77,1027.09
6/9/22,1030.42,1059.81,978.22,1006.06
6/10/22,1002.74,1031.37,951.55,978.67
6/13/22,968.28,995.99,915.79,941.91
6/14/22,962.43,990.21,910.06,936.2
6/15/22,972.97,1001.08,919.78,946.25
6/16/22,944.92,972.27,896.73,922.68
6/17/22,947.77,975.24,895.53,921.47
6/20/22,948.51,976.03,897.6,923.65
6/21/22,967.27,995.32,914.07,940.68
6/22/22,968.16,996.25,909.53,936.05
6/23/22,973.73,1002.11,913.45,940.2
6/24/22,1005.15,1034.52,937.2,964.67
6/27/22,1003.31,1032.64,940.58,968.2
6/28/22,985.61,1014.45,928.9,956.2
6/29/22,983.18,1012.23,923.17,950.73
6/30/22,974.75,1003.58,912.86,940.24
7/1/22,979.73,1008.7,916.35,943.86
7/4/22,981.23,1010.25,918.61,946.37
7/5/22,975.67,1004.48,914.43,942.21
7/6/22,980.37,1009.36,914.69,942.54
7/7/22,990.99,1020.8,929.83,958.36
7/8/22,988.43,1018.43,930.75,959.38
7/11/22,982.14,1011.95,918.41,946.69
7/12/22,974.96,1004.58,911.7,939.8
7/13/22,970.37,999.95,909.31,937.37
7/14/22,964.54,993.92,900.49,928.4
7/15/22,982.44,1012.35,915.19,943.58
7/18/22,975.93,1005.67,917.8,946.3
7/19/22,999.43,1029.93,937.38,966.52
7/20/22,1002.23,1032.81,943.72,973.08
7/21/22,1010.09,1040.88,950.24,979.88
7/22/22,1005.23,1035.9,945.81,975.32
7/25/22,1005.79,1036.5,945.87,975.42
7/26/22,1001.24,1031.84,937.63,966.95
7/27/22,1013.67,1044.62,953.49,983.33
7/28/22,1025.16,1056.82,965.65,995.99
7/29/22,1032.39,1064.41,976.45,1007.25
8/1/22,1031.56,1063.56,978.05,1008.92
8/2/22,1022.28,1053.99,970.56,1001.22
8/3/22,1032.08,1064.06,978.82,1009.77
8/4/22,1033.62,1065.9,981.71,1012.88
8/5/22,1031.38,1063.6,980.18,1011.39
8/8/22,1031.63,1063.87,983.16,1014.52
8/9/22,1022.73,1054.98,977.63,1008.85
8/10/22,1040,1072.77,996.85,1028.74
8/11/22,1036.64,1069.62,998.6,1030.86
8/12/22,1050.42,1084.03,1008.94,1041.88
8/15/22,1056.52,1090.31,1011.09,1044.14
8/16/22,1058.11,1092.02,1011.44,1044.56
8/17/22,1050.59,1084.42,1003.85,1036.87
8/18/22,1052.54,1086.54,1004.71,1037.95
8/19/22,1042.93,1076.63,990.77,1023.59
8/22/22,1023.05,1056.21,973.43,1005.78
8/23/22,1015.13,1048.08,971.99,1004.32
8/24/22,1017.14,1050.13,974.1,1006.54
8/25/22,1027.86,1061.17,986.17,1019.08
8/26/22,998.71,1031.13,963.41,995.59
8/29/22,989.65,1021.79,953.32,985.22
8/30/22,981.82,1013.78,946.06,977.81
8/31/22,973.06,1004.77,941.08,972.81
9/1/22,974.22,1006.43,932.63,964.36
9/2/22,966.95,998.94,930.85,962.58
9/5/22,964.96,996.86,927.67,959.33
9/6/22,962.09,993.89,923.26,954.82
9/7/22,976.08,1008.36,931.7,963.59
9/8/22,983.95,1016.65,939.1,971.39
9/9/22,999.79,1033.04,955.52,988.45
9/12/22,1008.91,1042.46,968.1,1001.48
9/13/22,974.4,1006.9,937.06,969.39
9/14/22,971.33,1003.93,934.77,967.21
9/15/22,960.82,993.13,926.51,958.79
9/16/22,953.09,985.18,917.01,948.98
9/19/22,955.37,987.57,919.98,952.07
9/20/22,942.19,973.96,911.97,943.81
9/21/22,926.97,958.24,898.89,930.38
9/22/22,920.18,951.38,888.56,919.73
9/23/22,906.75,937.54,870.14,900.68
9/26/22,895.08,925.49,857.76,887.87
9/27/22,892.73,923.04,856.97,887.1
9/28/22,909.44,940.3,866.82,897.34
9/29/22,898.29,929.19,854.57,885.36
9/30/22,889.32,919.96,848.64,879.25
10/3/22,908.92,940.22,864.81,896.02
10/4/22,938.82,971.12,893.35,925.65
10/5/22,937.17,969.39,890.5,922.75
10/6/22,925.36,957.69,884.48,916.67
10/7/22,904.96,936.62,864.04,895.52
10/10/22,897.23,928.64,855.6,886.77
10/11/22,893.78,925.1,847.52,878.41
10/12/22,891.55,922.92,844.83,875.65
10/13/22,912.74,944.86,857.17,888.51
10/14/22,901.58,933.35,847.06,878.07
10/17/22,918.22,950.57,864.93,896.6
10/18/22,928.75,961.45,874.63,906.66
10/19/22,918.94,951.34,866.46,898.2
10/20/22,915.21,947.55,863.18,894.87
10/21/22,929.67,962.49,873.09,905.16
10/24/22,942.75,976.07,879.99,912.32
10/25/22,958.78,992.63,894.91,927.81
10/26/22,967.17,1001.32,896.15,929.12
10/27/22,966.25,1000.49,893.49,926.39
10/28/22,988.58,1023.65,903.19,936.53
10/31/22,983.84,1018.87,899.89,933.17
11/1/22,984.7,1019.78,902.01,935.38
11/2/22,965.6,1000.06,887.61,920.45
11/3/22,955.19,989.67,877.05,909.59
11/4/22,969.21,1004.51,891.43,924.63
11/7/22,981.07,1016.76,900.99,934.61
11/8/22,989.63,1025.67,907.81,941.69
11/9/22,974.47,1010.58,893.3,926.77
11/10/22,1018.06,1055.71,932.59,967.63
11/11/22,1024.4,1062.26,949.15,984.83
11/14/22,1022.12,1060.13,942.83,978.43
11/15/22,1028.86,1067.15,952.95,989.01
11/16/22,1021.38,1059.6,944.79,980.67
11/17/22,1018.4,1056.69,938.76,974.59
11/18/22,1024.55,1063.09,943.73,979.79
11/21/22,1018.99,1057.43,936.57,972.49
11/22/22,1030.05,1068.91,947.24,983.69
11/23/22,1035.94,1074.97,954.59,991.35
11/24/22,1038.23,1077.38,958.86,995.84
11/25/22,1041.05,1080.29,957.76,994.74
11/28/22,1028.12,1066.9,945.33,981.85
11/29/22,1025.07,1063.81,946.21,982.83
11/30/22,1047.73,1087.3,966.02,1003.58
12/1/22,1050.8,1090.98,973.29,1011.27
12/2/22,1048.54,1088.64,970.97,1008.91
12/5/22,1032.07,1071.59,959.35,996.86
12/6/22,1020.51,1059.61,947.47,984.57
12/7/22,1020.82,1059.97,943.55,980.51
12/8/22,1026.41,1065.89,949.56,986.85
12/9/22,1020.8,1060.11,947.84,985.1
12/12/22,1031.4,1071.12,952.58,990.05
12/13/22,1037.85,1077.96,963.05,1000.97
12/14/22,1036.46,1076.67,960.93,998.9
12/15/22,1010.48,1049.72,938.26,975.41
12/16/22,998.74,1037.55,928.38,965.18
12/19/22,993.07,1031.72,921.59,958.17
12/20/22,995.17,1034.05,923.43,960.11
12/21/22,1007.64,1047.01,934.42,971.61
12/22/22,998.11,1037.14,925.52,962.4
12/23/22,1001.59,1040.84,927.42,964.39
12/26/22,1001.65,1040.91,927.84,964.83
12/27/22,1002.86,1042.44,926.99,963.97
12/28/22,992.94,1032.2,918.43,955.25
12/29/22,1006.71,1046.78,930.35,967.93
12/30/22,1002.13,1042.07,927.52,965.02
1/2/23,1003.52,1043.52,928.93,966.52
1/3/23,1004.07,1044.12,927.51,965.08
1/4/23,1016.49,1056.99,936.39,974.35
1/5/23,1004.53,1044.62,927.99,965.71
1/6/23,1029.5,1070.81,945.65,984.12
1/9/23,1029.55,1071.26,952.69,991.56
1/10/23,1033.37,1075.22,955.83,994.83
1/11/23,1042.16,1084.43,965.29,1004.7
1/12/23,1047.66,1090.13,972.46,1012.24
1/13/23,1050.63,1093.23,978.77,1018.83
1/16/23,1050.79,1093.39,978.99,1019.07
1/17/23,1046.91,1089.31,978.71,1018.78
1/18/23,1030.83,1072.55,972.01,1011.8
1/19/23,1022.39,1063.91,962.96,1002.46
1/20/23,1033.9,1075.9,976.27,1016.33
1/23/23,1041.59,1083.88,985.97,1026.47
1/24/23,1041.82,1084.15,986.22,1026.74
1/25/23,1044.7,1087.13,986.72,1027.29
1/26/23,1047.7,1090.57,994.13,1035.03
1/27/23,1045.2,1088.04,996.68,1037.72
1/30/23,1039.97,1082.68,987.59,1028.33
1/31/23,1050.85,1094.01,995.27,1036.34
2/1/23,1057.57,1100.95,1004.73,1046.19
2/2/23,1064.73,1108.37,1017.34,1059.36
2/3/23,1060.47,1103.96,1007.76,1049.43
2/6/23,1050.85,1094.21,996.22,1037.47
2/7/23,1057.23,1100.79,1004.35,1045.94
2/8/23,1052.93,1096.44,999.14,1040.55
2/9/23,1050.19,1093.94,995.54,1036.89
2/10/23,1048.81,1092.59,991.94,1033.27
2/13/23,1058.81,1103,1000.04,1041.79
2/14/23,1056.7,1101.17,1001.18,1043.08
2/15/23,1056.89,1101.39,1001.51,1043.57
2/16/23,1046.75,1090.93,994.68,1036.58
2/17/23,1045.3,1089.59,990.18,1032.01
2/20/23,1045.67,1089.98,991.89,1033.81
2/21/23,1030.15,1073.79,976.92,1018.22
2/22/23,1027.41,1070.91,972.58,1013.77
2/23/23,1028.22,1071.91,975.22,1016.68
2/24/23,1018.32,1061.64,964.24,1005.26
2/27/23,1019.59,1062.98,968.36,1009.7
2/28/23,1015.48,1058.69,966.4,1007.74
3/1/23,1014.75,1057.91,966.31,1007.7
3/2/23,1022.46,1066.2,969.69,1011.43
3/3/23,1033.93,1078.21,982.43,1024.77
3/6/23,1034.46,1078.74,984.37,1026.85
3/7/23,1019.28,1062.95,971.37,1013.31
3/8/23,1019.62,1063.28,970.57,1012.6
3/9/23,1007.27,1050.59,958.21,1000.09
3/10/23,993.56,1036.45,945.4,986.77
3/13/23,989.51,1032.32,940.63,981.82
3/14/23,1000.65,1044.2,948.28,990.01
3/15/23,987.34,1030.35,936.5,977.77
3/16/23,1001.8,1045.49,947.69,989.79
3/17/23,992.32,1035.6,941.33,983.18
3/20/23,1004.16,1048.01,947.24,989.39
3/21/23,1013.33,1057.53,959.05,1001.77
3/22/23,1002.06,1045.77,951.25,993.71
3/23/23,1009.48,1053.65,956,998.79
3/24/23,1010.71,1054.98,954.07,996.9
3/27/23,1015.34,1059.85,956.74,999.75
3/28/23,1017.37,1062.01,958.75,1001.87
3/29/23,1031.86,1077.13,970.21,1013.91
3/30/23,1038.2,1084.17,977.04,1022.04
3/31/23,1050.14,1096.66,987.35,1032.89
4/3/23,1053.27,1099.94,990.88,1036.64
4/4/23,1047.29,1093.72,988.23,1033.96
4/5/23,1045.96,1092.51,983.38,1029.02
4/6/23,1043.44,1090.4,984.85,1030.77
4/7/23,1044.02,1091.01,985.27,1031.22
4/10/23,1045.76,1092.82,984.57,1030.51
4/11/23,1050.3,1097.57,989.47,1035.66
4/12/23,1049.43,1096.78,988.49,1034.75
4/13/23,1057.87,1105.61,999.45,1046.36
4/14/23,1054.76,1102.35,998.41,1045.35
4/17/23,1057.67,1105.39,999.72,1046.76
4/18/23,1057.73,1105.45,1001.89,1049.05
4/19/23,1056.16,1103.82,1000.07,1047.18
4/20/23,1054.52,1102.17,996.38,1043.41
4/21/23,1058.23,1106.06,995.47,1042.5
4/24/23,1057.71,1105.56,996.15,1043.47
4/25/23,1046.78,1094.13,982.8,1029.63
4/26/23,1039.62,1087.27,979.9,1026.68
4/27/23,1055.67,1104.2,991.35,1038.81
4/28/23,1065.28,1114.52,998.45,1046.59
5/1/23,1065.57,1114.82,997.79,1045.91
5/2/23,1055.23,1104,987.49,1035.2
5/3/23,1055.83,1104.63,985.56,1033.26
5/4/23,1049.23,1097.8,980.83,1028.54
5/5/23,1063,1112.28,994.87,1043.45
5/8/23,1062.4,1111.66,997.38,1046.25
5/9/23,1058.65,1108.4,992.92,1041.75
5/10/23,1060.54,1110.45,994.93,1043.92
5/11/23,1056.88,1107.28,991.91,1041.06
5/12/23,1057.34,1107.96,989.44,1038.74
5/15/23,1061.83,1112.67,993.74,1043.44
5/16/23,1054.51,1105.13,988.1,1037.6
5/17/23,1062.22,1113.38,993.89,1043.83
5/18/23,1070.47,1122.16,999.69,1050.16
5/19/23,1071.96,1123.73,1000.18,1050.77
5/22/23,1070.06,1121.85,1002.36,1053.35
5/23/23,1056.63,1107.79,993.33,1043.93
5/24/23,1045.95,1096.55,983.33,1033.46
5/25/23,1047.36,1098.07,984.09,1034.32
5/26/23,1060.87,1112.22,994.24,1045.05
5/29/23,1060.32,1111.64,995.03,1045.92
5/30/23,1056.48,1108.54,993.38,1044.43
5/31/23,1050.95,1102.8,984.42,1035.15
6/1/23,1058.12,1111,994.61,1046.03
6/2/23,1074.02,1127.7,1011.02,1063.39
6/5/23,1068.68,1122.11,1009.95,1062.3
6/6/23,1074.55,1128.25,1013.76,1066.36
6/7/23,1072.72,1126.34,1012.29,1064.85
6/8/23,1075.27,1129.24,1016.13,1069.05
6/9/23,1077.08,1131.17,1017.85,1070.9
6/12/23,1085.79,1140.3,1023.98,1077.41
6/13/23,1093.78,1148.79,1032.88,1086.88
6/14/23,1097.83,1153.33,1035.55,1089.93
6/15/23,1109.83,1165.96,1044.39,1099.43
6/16/23,1109.7,1165.92,1043.8,1098.85
6/19/23,1107.88,1164,1040.8,1095.72
6/20/23,1102.38,1158.23,1034.7,1089.38
6/21/23,1096.86,1152.44,1030.3,1084.86
6/22/23,1096.85,1152.58,1029.84,1084.46
6/23/23,1089.01,1144.34,1019.44,1073.54
6/26/23,1087.93,1143.21,1017.32,1071.37
6/27/23,1098.79,1154.61,1026.2,1080.77
6/28/23,1098.18,1153.97,1027.44,1082.09
6/29/23,1104.83,1161.26,1030.09,1085.27
6/30/23,1115.03,1172.03,1040.17,1096.01
7/3/23,1116.15,1173.19,1043.96,1100.09
7/4/23,1115.69,1172.71,1044.3,1100.56
7/5/23,1112.43,1169.29,1039.67,1095.82
7/6/23,1101.22,1157.57,1026.29,1081.95
7/7/23,1095.29,1152.14,1026.88,1082.74
7/10/23,1104.3,1161.6,1029.96,1086
7/11/23,1111.52,1169.2,1038.61,1095.17
7/12/23,1117.76,1175.89,1050.58,1107.83
7/13/23,1124.96,1183.46,1062.11,1120.11
7/14/23,1126.36,1184.94,1061.66,1119.68
7/17/23,1125.79,1184.3,1062.93,1121.04
7/18/23,1130.97,1189.77,1069.1,1127.56
7/19/23,1133.49,1192.41,1070.83,1129.4
7/20/23,1132.59,1191.63,1064.91,1123.25
7/21/23,1133.51,1192.62,1063.84,1122.13
7/24/23,1134.45,1193.64,1066.39,1124.88
7/25/23,1134.33,1193.5,1070.58,1129.34
7/26/23,1133.85,1193.01,1070.72,1129.53
7/27/23,1129.2,1188.66,1067.15,1125.84
7/28/23,1132.89,1192.52,1075.58,1134.83
7/31/23,1133.84,1193.54,1078.59,1138.03
8/1/23,1132.58,1192.18,1073.13,1132.33
8/2/23,1119.38,1178.3,1055.54,1113.8
8/3/23,1114.46,1173.1,1051.9,1110.07
8/4/23,1114.61,1173.45,1051.54,1109.76
8/7/23,1125.01,1184.4,1056.22,1114.77
8/8/23,1126.99,1186.45,1049.77,1107.98
8/9/23,1124.15,1183.81,1046.84,1104.96
8/10/23,1125.74,1185.76,1049.17,1107.7
8/11/23,1123.74,1183.7,1044.47,1102.86
8/14/23,1128.48,1188.87,1043.85,1102.35
8/15/23,1118.67,1178.57,1034.51,1092.58
8/16/23,1112.24,1171.81,1026.48,1084.25
8/17/23,1103.69,1163.12,1018.6,1076.11
8/18/23,1103.66,1163.12,1016.34,1073.8
8/21/23,1107.79,1167.54,1019.34,1077
8/22/23,1107.11,1166.85,1019.88,1077.63
8/23/23,1117.06,1177.32,1029.12,1087.43
8/24/23,1106.82,1166.61,1020.84,1078.76
8/25/23,1113.58,1173.71,1021.13,1079.14
8/28/23,1120.98,1181.5,1029.4,1087.93
8/29/23,1131.09,1192.16,1042.79,1102.13
8/30/23,1134.07,1195.35,1047.97,1107.77
8/31/23,1133.31,1194.89,1045.63,1105.55
9/1/23,1139.59,1201.59,1047.93,1108.03
9/4/23,1139.4,1201.39,1049.2,1109.4
9/5/23,1129.14,1190.57,1041.92,1101.75
9/6/23,1128.23,1189.6,1036.3,1095.85
9/7/23,1130.86,1192.57,1032.31,1091.84
9/8/23,1133.02,1194.92,1032.58,1092.17
9/11/23,1140.03,1202.32,1039.15,1099.16
9/12/23,1135.25,1197.38,1035.01,1094.84
9/13/23,1131.92,1193.9,1034.61,1094.46
9/14/23,1135.43,1197.89,1043.78,1104.47
9/15/23,1126.82,1188.83,1037.57,1097.93
9/18/23,1125.91,1187.91,1034.63,1094.85
9/19/23,1123.49,1185.38,1032.84,1092.96
9/20/23,1120.07,1181.84,1028.01,1087.95
9/21/23,1099.46,1160.28,1010.75,1069.72
9/22/23,1096.57,1157.27,1009.69,1068.63
9/25/23,1097.04,1157.75,1008.82,1067.72
9/26/23,1083.11,1143.1,996.84,1055.12
9/27/23,1082.69,1142.61,996.25,1054.53
9/28/23,1083.96,1144.36,1000.44,1059.74
9/29/23,1082.07,1142.43,1000.62,1059.99
10/2/23,1076.83,1136.87,994.87,1053.9
10/3/23,1065.57,1125.01,980.97,1039.22
10/4/23,1072.06,1131.83,982.45,1040.81
10/5/23,1072.1,1131.97,984.75,1043.39
10/6/23,1083.16,1144.11,994.17,1053.46
10/9/23,1086.02,1147.14,997.83,1057.37
10/10/23,1096.45,1158.16,1008.33,1068.5
10/11/23,1102.08,1164.24,1012.88,1073.36
10/12/23,1095.2,1156.93,1007.73,1068.01
10/13/23,1087.69,1149.01,999.44,1059.23
10/16/23,1099.46,1161.45,1006.12,1066.34
10/17/23,1101.24,1163.34,1008.35,1068.69
10/18/23,1084.16,1145.31,995.52,1055.11
10/19/23,1073.06,1133.61,985.39,1044.45
10/20/23,1061.34,1121.37,974.59,1033.02
10/23/23,1055.97,1115.76,971.68,1029.94
10/24/23,1065.94,1126.45,976.96,1035.56
10/25/23,1058.19,1118.31,967.47,1025.56
10/26/23,1050,1109.77,957.69,1015.2
10/27/23,1039.1,1098.21,955.87,1013.3
10/30/23,1052.89,1112.81,963.65,1021.62
10/31/23,1059.77,1120.13,966.41,1024.61
11/1/23,1070.15,1131.06,975.07,1033.82
11/2/23,1088.73,1150.71,994.05,1054
11/3/23,1098.09,1160.67,1006.89,1067.67
11/6/23,1102.02,1164.86,1010.17,1071.2
11/7/23,1102.26,1165.1,1008.24,1069.17
11/8/23,1105.3,1168.42,1007.62,1068.55
11/9/23,1096.96,1160.42,1004.3,1065.23
11/10/23,1108.64,1172.75,1009.79,1071.18
11/13/23,1108.98,1173.15,1011.28,1072.81
11/14/23,1127.55,1193.1,1032,1095.01
11/15/23,1129.49,1195.21,1038.6,1102.12
11/16/23,1132.07,1198.22,1036.72,1100.39
11/17/23,1137.59,1204.06,1040.75,1104.71
11/20/23,1143.02,1209.89,1047.8,1112.34
11/21/23,1143.21,1210.11,1046.03,1110.5
11/22/23,1146.34,1213.47,1047.1,1111.74
11/23/23,1147.11,1214.3,1048.79,1113.59
11/24/23,1150.78,1218.2,1050.41,1115.34
11/27/23,1147.07,1214.27,1047.9,1112.7
11/28/23,1145.15,1212.25,1050.19,1115.15
11/29/23,1151.75,1219.28,1050.92,1116.05
11/30/23,1162.62,1231.22,1054.16,1119.73
12/1/23,1167.12,1236.07,1060.35,1126.37
12/4/23,1161.84,1230.54,1056.83,1122.67
12/5/23,1157.06,1225.49,1053.94,1119.63
12/6/23,1158.07,1226.55,1054.06,1119.79
12/7/23,1160.8,1229.56,1058.67,1124.84
12/8/23,1165.49,1234.58,1062.02,1128.42
12/11/23,1173.03,1242.59,1064.49,1131.05
12/12/23,1179.66,1249.7,1067.68,1134.5
12/13/23,1189.29,1259.87,1078.72,1146.24
12/14/23,1193.53,1264.6,1091.7,1160.25
12/15/23,1192.82,1263.86,1091.1,1159.67
12/18/23,1195.75,1267.01,1091.82,1160.43
12/19/23,1202.14,1273.95,1099.48,1168.64
12/20/23,1185.1,1255.97,1089.37,1158.02
12/21/23,1198.87,1270.51,1097.2,1166.38
12/22/23,1203.54,1275.5,1099.35,1168.69
12/25/23,1203.84,1275.81,1099.45,1168.8
12/26/23,1209.48,1281.8,1103.55,1173.17
12/27/23,1213.95,1286.93,1109.14,1179.33
12/28/23,1215.2,1288.58,1111.36,1181.99
12/29/23,1213.6,1286.94,1108.2,1178.66
1/1/24,1213.69,1287.04,1108.4,1178.87
1/2/24,1207.84,1280.97,1100.05,1170.07
1/3/24,1199.42,1272.05,1088.06,1157.35
1/4/24,1199.68,1272.37,1087.88,1157.26
1/5/24,1202.25,1275.09,1089.6,1159.1
1/8/24,1216.08,1289.81,1099.3,1169.44
1/9/24,1212,1286.13,1096.51,1166.6
1/10/24,1215.51,1289.8,1100.18,1170.53
1/11/24,1218.77,1293.15,1099.32,1169.65
1/12/24,1225.62,1300.46,1102.66,1173.26
1/15/24,1223.11,1297.79,1101.65,1172.19
1/16/24,1216.04,1290.3,1093.29,1163.31
1/17/24,1210.44,1284.51,1082.52,1151.87
1/18/24,1218.15,1292.74,1089.6,1159.46
1/19/24,1231.25,1306.74,1100.16,1170.76
1/22/24,1232.78,1308.34,1104.66,1175.58
1/23/24,1234.12,1309.86,1105.32,1176.29
1/24/24,1234.46,1310.18,1110.08,1181.39
1/25/24,1241.12,1317.75,1113.66,1185.24
1/26/24,1238.9,1315.43,1114.51,1186.15
1/29/24,1247.38,1324.48,1121.62,1193.74
1/30/24,1250.82,1328.13,1120.23,1192.34
1/31/24,1241.78,1318.56,1110.01,1181.49
2/1/24,1254.57,1332.05,1117.12,1189.09
2/2/24,1254.77,1332.2,1123.1,1195.5
2/5/24,1252.47,1329.65,1117.05,1189.09
2/6/24,1255.98,1333.49,1122.83,1195.27
2/7/24,1260.24,1337.95,1129.08,1201.93
2/8/24,1262.68,1340.93,1129.71,1202.72
2/9/24,1262.32,1340.54,1134.4,1207.84
2/12/24,1264.53,1343.02,1135.36,1208.88
2/13/24,1254.28,1332.09,1121.58,1194.3
2/14/24,1267.32,1346.08,1130.22,1203.67
2/15/24,1274.17,1353.7,1139.6,1213.87
2/16/24,1273,1352.59,1139.16,1213.54
2/19/24,1273.5,1353.13,1139.88,1214.31
2/20/24,1264.59,1343.8,1135.94,1210.16
2/21/24,1264.83,1344.09,1135.2,1209.45
2/22/24,1286.79,1367.35,1152.98,1228.55
2/23/24,1290.31,1371.11,1154.25,1229.95
2/26/24,1288.75,1369.35,1151.79,1227.38
2/27/24,1285.55,1365.95,1154.68,1230.49
2/28/24,1285.18,1365.57,1150.48,1226.21
2/29/24,1285.63,1366.51,1155.42,1231.69
3/1/24,1299.93,1381.66,1164.26,1241.2
3/4/24,1304.36,1386.41,1164.1,1241.07
3/5/24,1291.47,1372.83,1155.71,1232.16
3/6/24,1301.01,1382.98,1162.62,1239.61
3/7/24,1307.61,1390.1,1173.07,1251.24
3/8/24,1301.54,1383.83,1170.86,1248.96
3/11/24,1296.62,1378.77,1166.65,1244.47
3/12/24,1306.63,1389.43,1175.95,1254.48
3/13/24,1306.99,1390.05,1175.23,1253.79
3/14/24,1301.97,1384.99,1170.56,1249.26
3/15/24,1293.39,1375.92,1163.85,1242.17
3/18/24,1300.34,1383.3,1169.12,1247.86
3/19/24,1305.28,1388.52,1171.86,1250.8
3/20/24,1313.16,1396.96,1179.42,1259.04
3/21/24,1319.71,1404.04,1187.95,1268.26
3/22/24,1313.94,1397.94,1184.29,1264.52
3/25/24,1311.81,1395.73,1181.6,1261.72
3/26/24,1315.93,1400.1,1180.31,1260.4
3/27/24,1325.45,1410.58,1187.85,1268.66
3/28/24,1327,1412.5,1188.34,1270.05
3/29/24,1327.66,1413.19,1189.12,1270.88
4/1/24,1320.78,1405.89,1184.65,1266.14
4/2/24,1313.63,1398.25,1178.22,1259.32
4/3/24,1313.88,1398.49,1179.86,1261.16
4/4/24,1301.98,1385.87,1173.67,1254.65
4/5/24,1310.36,1394.67,1177.88,1259.18
4/8/24,1308.39,1392.69,1180.74,1262.33
4/9/24,1304.88,1389.46,1182.78,1264.63
4/10/24,1290.66,1374.47,1172,1253.14
4/11/24,1292.19,1376.1,1174.73,1256.21
4/12/24,1276.19,1359.07,1160.74,1241.36
4/15/24,1264.41,1346.52,1149,1228.82
4/16/24,1260.39,1342.25,1139.62,1218.86
4/17/24,1255.12,1336.64,1135.12,1214.07
4/18/24,1251.53,1332.81,1135.78,1214.86
4/19/24,1250.9,1332.24,1127.29,1205.85
4/22/24,1258.11,1339.97,1136.34,1215.82
4/23/24,1268.66,1351.21,1149.81,1230.35
4/24/24,1269.01,1351.58,1151.61,1232.36
4/25/24,1259.75,1341.75,1145.47,1225.88
4/26/24,1260.64,1343.57,1155.27,1236.57
4/29/24,1262.95,1346.05,1160.64,1242.48
4/30/24,1256.91,1339.63,1147.13,1228.19
5/1/24,1251.73,1334.11,1144.02,1224.89
5/2/24,1252.43,1334.85,1154.03,1235.77
5/3/24,1262.39,1345.53,1166.95,1249.72
5/6/24,1275.97,1360.28,1176.66,1260.22
5/7/24,1281.55,1366.32,1179.94,1263.84
5/8/24,1283.12,1368,1177.58,1261.39
5/9/24,1286.62,1372.54,1182.16,1266.73
5/10/24,1290.98,1377.29,1185.25,1270.21
5/13/24,1291.56,1378.96,1186.44,1271.67
5/14/24,1293.99,1381.57,1191.51,1277.28
5/15/24,1310.53,1399.43,1203.06,1289.85
5/16/24,1308.39,1397.7,1203.31,1290.52
5/17/24,1304.93,1394.03,1204.61,1292.11
5/20/24,1307.45,1396.79,1206.43,1294.31
5/21/24,1309.65,1399.19,1205.95,1293.94
5/22/24,1310.63,1400.26,1201.42,1289.14
5/23/24,1300.01,1389.01,1194.33,1281.6
5/24/24,1300.48,1389.53,1198.45,1286.09
5/27/24,1301.81,1390.96,1201.3,1289.2
5/28/24,1290.39,1379.15,1199.71,1287.6
5/29/24,1277.11,1365.03,1186.82,1273.85
5/30/24,1270.2,1357.72,1183.47,1270.42
5/31/24,1280.54,1369.08,1190.37,1277.98
6/3/24,1278.71,1367.18,1194.89,1282.96
6/4/24,1281.55,1370.34,1191.45,1279.34
6/5/24,1291.73,1381.21,1201.39,1290.07
6/6/24,1291.44,1380.92,1204.15,1293.13
6/7/24,1292.54,1382.68,1200.14,1289.02
6/10/24,1294.82,1385.06,1201.08,1290.14
6/11/24,1291.06,1381.03,1199.37,1288.34
6/12/24,1294.9,1385.2,1211.39,1301.36
6/13/24,1293.1,1383.3,1207.43,1297.21
6/14/24,1285.55,1375.46,1202.89,1292.59
6/17/24,1294.11,1384.63,1207.33,1297.47
6/18/24,1303.61,1394.9,1212.47,1303.08
6/19/24,1302.92,1394.14,1214.05,1304.83
6/20/24,1310.05,1401.84,1212.91,1303.66
6/21/24,1308.1,1399.73,1208.75,1299.26
6/24/24,1313.22,1405.39,1209.53,1300.18
6/25/24,1312.87,1404.98,1212.11,1302.98
6/26/24,1309.34,1401.2,1211.73,1302.59
6/27/24,1307.48,1399.25,1212.1,1303.28
6/28/24,1304.29,1396.28,1210.27,1301.51
7/1/24,1301.79,1393.64,1212.14,1303.61
7/2/24,1305.81,1397.94,1216.24,1308.13
7/3/24,1308.22,1400.53,1225.08,1317.73
7/4/24,1308.57,1401.28,1228.6,1321.7
7/5/24,1312.24,1405.19,1231.55,1325.02
7/8/24,1312.1,1405.1,1232.5,1326.19
7/9/24,1311.47,1404.57,1231.57,1325.22
7/10/24,1319.54,1413.76,1241.68,1336.25
7/11/24,1325.66,1420.52,1244.17,1338.99
7/12/24,1340.51,1436.44,1250.92,1346.28
7/15/24,1340.09,1435.95,1251.83,1347.37
7/16/24,1349.04,1445.53,1257.29,1353.27
7/17/24,1342.75,1438.9,1246.58,1341.78
7/18/24,1327.28,1422.4,1236.91,1331.4
7/19/24,1318.48,1413.06,1227,1320.81
7/22/24,1326.89,1422.04,1235.73,1330.29
7/23/24,1322.77,1417.7,1235.33,1329.87
7/24/24,1306.43,1400.29,1215.63,1308.67
7/25/24,1298.77,1392.18,1207.87,1300.38
7/26/24,1309.89,1404.58,1218.29,1311.66
7/29/24,1307.73,1402.24,1219.22,1312.72
7/30/24,1302.18,1396.46,1215.68,1308.94
7/31/24,1318.23,1413.59,1233.94,1328.68
8/1/24,1310.63,1405.48,1217.08,1310.63
8/2/24,1280.38,1373.18,1191.62,1283.25
8/5/24,1245.13,1335.49,1152.59,1241.31
8/6/24,1258.67,1349.93,1166.37,1256.18
8/7/24,1251.91,1342.85,1166.12,1255.95
8/8/24,1277.44,1370.18,1182.43,1273.64
8/9/24,1286.75,1380.53,1190.37,1282.33
8/12/24,1280.41,1373.76,1189.98,1282.08
8/13/24,1300.31,1395.08,1206.87,1300.31
8/14/24,1310,1405.49,1213.48,1307.47
8/15/24,1323.91,1420.55,1227.5,1323.03
8/16/24,1328.14,1425.5,1234.74,1330.98
8/19/24,1335.03,1432.95,1246.48,1343.76
8/20/24,1339.89,1438.29,1245.58,1342.84
8/21/24,1346.33,1445.3,1250.27,1348.01
8/22/24,1341.58,1440.22,1243.34,1340.63
8/23/24,1352.16,1451.67,1257.24,1355.66
8/26/24,1352.26,1451.81,1255.56,1353.89
8/27/24,1353.97,1453.63,1256.36,1354.84
8/28/24,1349.8,1449.16,1250.99,1349.1
8/29/24,1355.16,1454.92,1251.37,1349.64
8/30/24,1369.5,1470.35,1260.72,1359.87
9/2/24,1370.16,1471.1,1259.5,1358.57
9/3/24,1356.12,1456.11,1239.2,1336.81
9/4/24,1352.43,1452.3,1232.6,1329.79
9/5/24,1339.5,1438.48,1229.16,1326.17
9/6/24,1326.2,1424.7,1214.18,1310.14
9/9/24,1340.42,1440.14,1220.48,1317.02
9/10/24,1341.59,1441.41,1221.82,1318.55
9/11/24,1348.21,1448.52,1228.55,1325.87
9/12/24,1356.74,1457.63,1240.85,1339.29
9/13/24,1363.34,1465.08,1250.31,1349.7
9/16/24,1371.95,1474.39,1252.85,1352.64
9/17/24,1366.58,1468.7,1253.74,1353.64
9/18/24,1360.27,1461.98,1250.48,1350.13
9/19/24,1375.07,1477.92,1270.23,1371.55
9/20/24,1373.35,1476.07,1266.61,1367.66
9/23/24,1379.08,1482.22,1270.43,1371.83
9/24/24,1380.24,1483.49,1276.99,1378.92
9/25/24,1374.65,1477.5,1274.91,1376.72
9/26/24,1392.66,1496.83,1286.06,1388.85
9/27/24,1389.18,1493.54,1289.93,1393.92
9/30/24,1386.08,1490.5,1288.22,1392.18
10/1/24,1379.76,1483.72,1279.28,1382.56
10/2/24,1377.83,1481.64,1278.11,1381.38
10/3/24,1371.43,1474.72,1272.81,1375.67
10/4/24,1378.86,1482.7,1280.5,1384.08
10/7/24,1374.58,1478.12,1274.99,1378.15
10/8/24,1383.64,1487.82,1275.98,1379.24
10/9/24,1395.11,1500.29,1281.17,1384.9
10/10/24,1389.65,1495.06,1280.18,1383.99
10/11/24,1401.36,1507.65,1287.64,1392.07
10/14/24,1410.28,1517.24,1294.07,1399.04
10/15/24,1402.59,1509.02,1286.34,1390.76
10/16/24,1408.62,1515.48,1288.34,1392.94
10/17/24,1412.25,1519.36,1287.84,1392.44
10/18/24,1414.22,1521.56,1294.28,1399.46
10/21/24,1402.29,1508.74,1288.61,1393.36
10/22/24,1396.53,1502.57,1284.58,1389.02
10/23/24,1391.38,1497.1,1274.28,1377.9
10/24/24,1389.17,1494.65,1276.02,1379.82
10/25/24,1383.77,1488.85,1275.19,1378.93
10/28/24,1388.35,1493.8,1279.77,1383.9
10/29/24,1386.14,1491.5,1279.82,1383.99
10/30/24,1374.79,1479.47,1275.76,1379.67
10/31/24,1356.13,1459.49,1257.81,1360.33
11/1/24,1358.78,1462.34,1261.37,1364.24
11/4/24,1357.08,1460.54,1261.51,1364.44
11/5/24,1367.75,1472,1274.13,1378.12
11/6/24,1385.89,1491.42,1292.75,1398.27
11/7/24,1396.68,1503.04,1304.16,1410.74
11/8/24,1405.15,1512.51,1304.87,1411.71
11/11/24,1414.4,1522.41,1305.54,1412.48
11/12/24,1400.68,1508.09,1295.55,1401.76
11/13/24,1398.37,1505.67,1291.3,1397.23
11/14/24,1384.15,1490.41,1285.24,1390.84
11/15/24,1364.94,1470.16,1272.62,1377.37
11/18/24,1363.69,1469.14,1276.61,1381.94
11/19/24,1361.67,1467.06,1282.5,1388.34
11/20/24,1364.45,1470.1,1280.55,1386.28
11/21/24,1380.52,1487.44,1286.64,1393.02
11/22/24,1392.54,1500.51,1291.7,1398.56
11/25/24,1402.94,1511.76,1298.54,1405.99
11/26/24,1406.2,1515.2,1299.6,1407.2
11/27/24,1400.08,1508.69,1298.84,1406.45
11/28/24,1399.21,1507.74,1299.01,1406.67
11/29/24,1404.47,1513.46,1305.25,1413.54
12/2/24,1404.06,1513.01,1307.99,1416.67
12/3/24,1399.86,1508.57,1312.88,1421.99
12/4/24,1415.98,1525.74,1318.81,1428.46
12/5/24,1411.69,1521.21,1318.12,1427.78
12/6/24,1413.29,1523.48,1320.41,1430.38
12/9/24,1400.9,1510.33,1315.98,1425.71
12/10/24,1395.87,1504.9,1309.14,1418.34
12/11/24,1397.86,1507.06,1316.42,1426.26
12/12/24,1396.02,1505.11,1311.63,1421.14
12/13/24,1392.79,1501.85,1307.67,1417
12/16/24,1391.41,1500.3,1309.88,1419.53
12/17/24,1387.33,1496.04,1303.49,1412.66
12/18/24,1353.81,1460.03,1275.24,1382.06
12/19/24,1348.63,1454.56,1265.71,1371.78
12/20/24,1359.99,1466.81,1272.81,1379.49
12/23/24,1363.75,1470.88,1279.88,1387.22
12/24/24,1371.71,1479.44,1289.94,1398.13
12/25/24,1371.91,1479.66,1290.21,1398.42
12/26/24,1372.59,1480.4,1290.66,1399.01
12/27/24,1365.35,1473.26,1283.44,1391.45
12/30/24,1350.16,1456.93,1272.22,1379.34
12/31/24,1350.63,1457.76,1269.04,1376.05
1/1/25,1350.6,1457.72,1269.22,1376.24
1/2/25,1346.74,1453.64,1267.22,1374.24
1/3/25,1354.58,1462.03,1277.88,1385.87
1/6/25,1354.06,1461.51,1285.59,1394.3
1/7/25,1353.13,1460.52,1277.46,1385.51
1/8/25,1355.61,1463.16,1275.16,1383.03
1/9/25,1356.76,1464.4,1274.31,1382.13
1/10/25,1336.97,1443.94,1256.81,1363.32
1/13/25,1338.93,1446.1,1253.39,1359.64
1/14/25,1337.74,1444.85,1258.21,1364.87
1/15/25,1351.55,1459.71,1277.28,1385.64
1/16/25,1360.41,1469.54,1279.94,1388.57
1/17/25,1366.87,1476.64,1289.17,1398.61
1/20/25,1369.01,1478.95,1293.82,1403.68
1/21/25,1385.03,1496.26,1303.27,1413.97
1/22/25,1391,1502.63,1308.79,1419.97
1/23/25,1399.44,1511.73,1313.84,1425.46
1/24/25,1400.64,1513.55,1315.22,1427.05
1/27/25,1404.13,1517.46,1301.98,1412.72
1/28/25,1399.39,1512.26,1308.31,1419.59
1/29/25,1399.38,1512.24,1306.77,1417.94
1/30/25,1418.35,1532.92,1315.38,1427.32
1/31/25,1407.49,1521.26,1309.7,1421.23
2/3/25,1402,1515.38,1294.53,1404.83
2/4/25,1405.39,1518.99,1306.09,1417.37
2/5/25,1422.68,1537.61,1314.03,1426
2/6/25,1418.68,1533.19,1319.04,1431.46
2/7/25,1408.86,1522.68,1310.22,1421.96
2/10/25,1413.56,1528.04,1316.09,1428.48
2/11/25,1415.02,1529.85,1315.08,1427.41
2/12/25,1412.31,1526.99,1313.24,1425.52
2/13/25,1426.81,1542.67,1327.59,1441.16
2/14/25,1425.86,1542.11,1330.27,1444.36
2/17/25,1427.66,1544.03,1331.93,1446.18
2/18/25,1438.53,1555.92,1335.55,1450.27
2/19/25,1440.16,1557.81,1333.72,1448.35
2/20/25,1437.85,1555.43,1329.11,1443.55
2/21/25,1424.02,1540.72,1314.67,1427.93
2/24/25,1421.09,1537.66,1308.74,1421.55
2/25/25,1423.66,1540.52,1302.83,1415.17
2/26/25,1424.62,1541.42,1306.52,1419.24
2/27/25,1414.06,1530.21,1289.05,1400.42
2/28/25,1423.05,1540.08,1296.19,1408.32
3/3/25,1417.8,1534.55,1285.14,1396.42
3/4/25,1395.51,1510.45,1270.85,1380.94
3/5/25,1411.76,1528.03,1290.01,1401.84
3/6/25,1398.3,1513.71,1278.32,1389.41
3/7/25,1400.77,1517.27,1280.74,1392.2
3/10/25,1375.82,1490.71,1252.26,1361.42
3/11/25,1356.58,1469.7,1243.65,1352.22
3/12/25,1356.93,1469.97,1249.58,1358.73
3/13/25,1345.96,1458.35,1235.78,1343.84
3/14/25,1364.94,1479.12,1257.66,1367.85
3/17/25,1382.07,1497.7,1269.28,1380.58
3/18/25,1376.32,1491.54,1263.74,1374.67
3/19/25,1382.71,1498.36,1272.55,1384.28
3/20/25,1374.74,1489.67,1269.51,1381.12
3/21/25,1369.13,1483.65,1266.82,1378.35
3/24/25,1384.96,1500.7,1281.31,1394.17
3/25/25,1384.24,1499.94,1283.39,1396.47
3/26/25,1376.64,1491.83,1272.63,1384.85
3/27/25,1375.42,1490.55,1268.46,1380.61
3/28/25,1356.4,1470.47,1248.51,1359.93
3/31/25,1361.01,1475.83,1243.12,1354.27
4/1/25,1361.4,1476.23,1250.36,1362.2
4/2/25,1368.14,1483.52,1256.85,1369.37
4/3/25,1328.59,1440.94,1214.06,1322.87
4/4/25,1249.57,1355.35,1150.55,1253.77
4/7/25,1227.9,1331.8,1120.6,1221.2
4/8/25,1219.62,1322.82,1116.77,1217.09
4/9/25,1289.29,1398.52,1177.93,1283.8
4/10/25,1266.17,1374.21,1170.19,1275.65
4/11/25,1281.89,1391.29,1187.04,1294.16
4/14/25,1300.41,1411.39,1202.42,1311
4/15/25,1302.48,1413.63,1206.63,1315.74
4/16/25,1282.84,1392.31,1189.91,1297.55
4/17/25,1299.82,1410.81,1193.37,1301.41
4/18/25,1300.32,1411.36,1194.34,1302.47
4/21/25,1280.18,1389.49,1179.55,1286.4
4/22/25,1306.3,1417.87,1198.88,1307.89
4/23/25,1321.86,1434.75,1216.28,1326.91
4/24/25,1342.52,1457.17,1233.41,1345.79
4/25/25,1345.07,1459.96,1239.8,1352.88
4/28/25,1348.71,1464.02,1244.05,1357.59
4/29/25,1359.2,1475.57,1250.22,1364.43
4/30/25,1370.89,1488.27,1253.11,1367.79
5/1/25,1351.56,1467.32,1255.15,1370.06
5/2/25,1378.2,1496.44,1276.82,1393.9
5/5/25,1374.95,1493.73,1272.66,1389.63
5/6/25,1361.71,1479.35,1266.5,1382.98
5/7/25,1369.2,1487.47,1269.66,1386.49
5/8/25,1368.76,1486.98,1273.2,1390.57
5/9/25,1367.59,1486.47,1275.04,1392.87
5/12/25,1396.58,1519.09,1302.35,1422.98
5/13/25,1398.62,1522.02,1310.73,1432.23
5/14/25,1388.51,1511.04,1314.57,1436.57
5/15/25,1407.2,1531.37,1317.76,1440.48
5/16/25,1416.86,1542.52,1324.4,1448.04
5/19/25,1420.16,1546.23,1326.83,1451.24
5/20/25,1420.18,1546.5,1325.92,1450.3
5/21/25,1399.08,1523.72,1314.15,1437.53
5/22/25,1393.39,1517.51,1309.75,1432.79
5/23/25,1386.35,1509.94,1306.34,1429.25
5/26/25,1389.34,1513.23,1309.88,1433.23
5/27/25,1409.67,1535.32,1325.83,1450.8
5/28/25,1402.19,1527.15,1318.58,1442.97
5/29/25,1407.96,1533.48,1324.39,1449.47
5/30/25,1407.36,1532.99,1323.08,1448.18
6/2/25,1408.51,1534.29,1327.92,1453.61
6/3/25,1415.14,1541.5,1332.89,1459.14
6/4/25,1420.96,1548.03,1337.65,1464.44
6/5/25,1422.24,1549.43,1335.05,1461.71
6/6/25,1433.4,1562.12,1342.61,1470.12
6/9/25,1432.53,1561.31,1345.81,1473.74
6/10/25,1443.45,1573.21,1351.47,1480.02
6/11/25,1441.88,1571.56,1350.94,1479.51
6/12/25,1446.95,1577.11,1354.4,1483.41
6/13/25,1421.41,1549.54,1338.89,1466.63
6/16/25,1434.71,1564.04,1350.88,1479.96
6/17/25,1423.79,1552.14,1340.12,1468.27
6/18/25,1411.14,1538.57,1339.41,1467.54
6/19/25,1408.04,1535.25,1333.45,1461.12
6/20/25,1400.5,1527.05,1333.25,1460.96
6/23/25,1408.02,1535.35,1339.58,1467.96
6/24/25,1432.78,1562.32,1359.36,1489.7
6/25/25,1423.14,1551.79,1357.39,1487.56
6/26/25,1432.83,1562.35,1369.49,1500.93
6/27/25,1439.72,1570.1,1376.73,1509.17
6/30/25,1450.13,1581.74,1381.27,1514.39
7/1/25,1458.49,1590.93,1381.57,1514.81
7/2/25,1458.16,1590.63,1386.47,1520.32
7/3/25,1466.69,1599.91,1395.54,1530.51
7/4/25,1465.4,1598.94,1394.36,1529.3
7/7/25,1452.46,1584.85,1385.28,1519.38
7/8/25,1456.31,1589.05,1384.83,1518.91
7/9/25,1458.77,1591.88,1392.62,1527.52
7/10/25,1457.68,1591.41,1395.92,1531.31
7/11/25,1442.73,1575.1,1390.02,1524.87
7/14/25,1445.71,1578.33,1391.72,1526.76
7/15/25,1429.3,1560.4,1385.78,1520.33
7/16/25,1434.31,1565.85,1387.4,1522.13
7/17/25,1436.27,1568.04,1395.84,1531.43
7/18/25,1438.66,1570.78,1398.1,1533.99
7/21/25,1437.8,1569.95,1400.26,1536.43
7/22/25,1447.77,1580.91,1401.3,1537.61
7/23/25,1463.63,1598.2,1415.76,1553.5
7/24/25,1461.36,1595.71,1417.98,1556
7/25/25,1462.02,1596.9,1417.69,1555.75
7/28/25,1452.96,1587.01,1414.36,1552.12
7/29/25,1443.33,1576.54,1408.87,1546.1
7/30/25,1437.26,1570.06,1406.31,1543.36
7/31/25,1420.21,1551.37,1398.86,1535.32
8/1/25,1403.2,1532.88,1381.21,1516
8/4/25,1417.03,1547.99,1397.71,1534.22
8/5/25,1409.85,1540.18,1396.71,1533.16
8/6/25,1407.96,1538.08,1404.75,1542
8/7/25,1392.49,1521.41,1408.01,1545.72
8/8/25,1402.22,1532.33,1414.74,1553.24
8/11/25,1399.68,1529.54,1411.36,1549.64
8/12/25,1409.43,1540.37,1425.85,1565.63
8/13/25,1429.14,1561.92,1435.91,1576.78
8/14/25,1428.37,1561.07,1432.98,1573.81
8/15/25,1434.16,1567.88,1433.33,1574.5
8/18/25,1432.45,1566.07,1432.8,1574.01
8/19/25,1440.29,1574.81,1427.9,1568.75
8/20/25,1438.67,1573.18,1424.45,1565.06
8/21/25,1430.73,1564.52,1420.13,1560.51
8/22/25,1449.89,1585.77,1440.82,1583.32
8/25/25,1438.65,1573.44,1437.31,1579.5
8/26/25,1444.59,1579.9,1436.92,1579.15
8/27/25,1448.61,1584.28,1437.73,1580.09
8/28/25,1452.49,1588.51,1442.72,1585.71
8/29/25,1446.58,1582.15,1436.01,1578.46
9/1/25,1444.27,1579.64,1436.67,1579.2
9/2/25,1437.12,1571.86,1425.94,1567.59
9/3/25,1438.01,1572.86,1430.3,1572.44
9/4/25,1443,1578.4,1438.76,1581.91
9/5/25,1443.47,1579.44,1442.71,1586.41
9/8/25,1448.25,1584.66,1447.67,1591.94
9/9/25,1450.95,1587.71,1450.96,1595.64
9/10/25,1448.3,1584.83,1455.22,1600.43
9/11/25,1466.41,1604.61,1465.8,1612.12
9/12/25,1458.12,1595.57,1466,1612.4
9/15/25,1458.48,1596.19,1472.38,1619.67
9/16/25,1458.52,1596.27,1472.95,1620.42
9/17/25,1466.59,1605.18,1472.4,1619.88
9/18/25,1477.63,1617.26,1477.46,1625.48
9/19/25,1473.42,1612.68,1480.1,1628.41
9/22/25,1475.78,1615.27,1484.71,1633.58
9/23/25,1471.85,1611.03,1480.64,1629.12
9/24/25,1468.26,1607.14,1475.52,1623.52
9/25/25,1458.38,1596.35,1466.37,1613.49
9/26/25,1466.36,1605.28,1471.53,1619.25
9/29/25,1473.64,1613.46,1476.74,1625.91
9/30/25,1484.55,1625.78,1483.03,1633
10/1/25,1508.59,1652.14,1488.5,1639.12
10/2/25,1514.25,1658.32,1491.88,1642.9
10/3/25,1526.01,1671.22,1496.25,1647.81
10/6/25,1528.66,1674.01,1500.4,1652.45
10/7/25,1523.89,1668.8,1493.9,1645.33
10/8/25,1528.45,1673.73,1499.9,1651.96
10/9/25,1520.56,1665.23,1495.79,1647.49
10/10/25,1493.02,1635.85,1463.92,1612.55
10/13/25,1501.92,1645.57,1477.57,1627.59
10/14/25,1503.62,1647.51,1474.22,1623.92
10/15/25,1513.05,1657.8,1485.42,1636.35
10/16/25,1508.38,1652.71,1482.97,1633.7
10/17/25,1515.85,1661.06,1480.89,1631.44
10/20/25,1532.88,1679.66,1498.67,1651.05
10/21/25,1537.07,1684.28,1497.1,1649.33
10/22/25,1527.33,1673.59,1490.8,1642.41
10/23/25,1536.35,1683.38,1497.85,1650.21
10/24/25,1551.92,1700.44,1507.43,1660.83
10/27/25,1562.92,1712.66,1523.27,1678.33
10/28/25,1554.69,1703.68,1523.53,1678.63
10/29/25,1550.19,1698.75,1523.83,1678.98
10/30/25,1551.86,1700.63,1510.21,1664.06
10/31/25,1555.41,1704.57,1511.99,1666.11
11/3/25,1559.93,1709.41,1513.83,1668.22
11/4/25,1545.21,1693.33,1496.94,1649.64
11/5/25,1560.61,1710.16,1499.11,1652.08
11/6/25,1557.46,1706.79,1490.1,1642.26
11/7/25,1554.69,1704.31,1489.76,1642.03
11/10/25,1571.81,1723.3,1509.44,1663.88
11/11/25,1583.67,1736.41,1515.31,1670.38
11/12/25,1595.7,1749.82,1519.27,1674.8
11/13/25,1581.07,1733.86,1501.95,1655.86
11/14/25,1570.57,1722.83,1494.68,1648.1
11/17/25,1555.56,1706.44,1482.78,1635.11
11/18/25,1538.53,1688.02,1465.86,1616.53
11/19/25,1539.31,1688.89,1467.22,1618.08
11/20/25,1521.13,1669.01,1454.27,1603.96
11/21/25,1539.44,1689.47,1458.41,1608.63
11/24/25,1548.98,1699.83,1475.97,1628.15
11/25/25,1570.85,1723.81,1490.09,1643.8
11/26/25,1576.8,1730.37,1504.05,1659.26
11/27/25,1579.73,1733.6,1505.25,1660.63
11/28/25,1584.81,1739.18,1512.25,1668.43
12/1/25,1574.87,1728.36,1505.73,1661.38
12/2/25,1577.37,1731.04,1507.67,1663.63
12/3/25,1582.15,1736.55,1513.58,1670.25
12/4/25,1575.6,1729.49,1519.27,1676.64
12/5/25,1579.65,1734.44,1519.99,1677.63
12/8/25,1573.57,1727.72,1516.16,1673.5
12/9/25,1568.21,1721.78,1514.08,1671.24
12/10/25,1586.19,1741.52,1522.57,1680.7
12/11/25,1602.26,1759.21,1528.62,1687.47
12/12/25,1595.95,1752.42,1519.23,1677.23
12/15/25,1597.12,1754.1,1517.25,1675.26
12/16/25,1586.09,1742.06,1509.54,1666.79
12/17/25,1577.85,1733.06,1498.43,1654.57
12/18/25,1586.77,1742.8,1507.16,1664.24
12/19/25,1600.73,1758.17,1517.95,1676.2
12/22/25,1612.18,1770.7,1529.17,1688.65
12/23/25,1611.72,1770.15,1535.03,1695.17
12/24/25,1619.02,1778.14,1538.81,1699.35
12/25/25,1619.26,1778.41,1538.94,1699.49
12/26/25,1620.9,1780.42,1538.85,1699.49
12/29/25,1625.14,1785.14,1535.6,1696.15
12/30/25,1622.11,1781.83,1534.41,1694.9
12/31/25,1608.76,1767.5,1526.09,1685.89
